variant,set,id,kind,cond,lag_ms,n_secret,leaked,audible,first_leaked,det_lag_med,det_lag_max,dur,redacted_s,blocks,ms_mean,ms_p99,ms_max,triggers,runs
default,sensitive,s0,code,clean,0,8.0,1.0,0.0,0.0,-0.115,0.4,5.202,3.428625,260,5.9004649981104125,72.04763702466214,149.89000000059605,,
default,sensitive,s0,code,clean,100,8.0,1.0,0.0,0.0,-0.115,0.4,5.202,3.228625,260,5.9004649981104125,72.04763702466214,149.89000000059605,,
default,sensitive,s0,code,keys,0,8.0,2.0,1.0,1.0,0.07,0.94,5.202,2.8598125,260,6.523981925028448,89.67841797159124,149.6522999368608,,
default,sensitive,s0,code,keys,100,8.0,2.0,2.0,1.0,0.07,0.94,5.202,2.7598125,260,6.523981925028448,89.67841797159124,149.6522999368608,,
default,sensitive,s1,pin,clean,0,4.0,0.0,0.0,0.0,-0.21,0.18,3.906,2.5095625,195,6.612844103111479,91.16780195618063,277.37259992863983,,
default,sensitive,s1,pin,clean,100,4.0,0.0,0.0,0.0,-0.21,0.18,3.906,2.4095625,195,6.612844103111479,91.16780195618063,277.37259992863983,,
default,sensitive,s1,pin,keys,0,4.0,0.0,0.0,0.0,-0.21,0.18,3.906,2.445,195,7.214027693948876,148.18751998245716,159.5635999692604,,
default,sensitive,s1,pin,keys,100,4.0,0.0,0.0,0.0,-0.21,0.18,3.906,2.345,195,7.214027693948876,148.18751998245716,159.5635999692604,,
default,sensitive,s2,card,clean,0,16.0,0.0,0.0,0.0,-0.07500000000000001,0.31,8.274,6.45,413,5.3073682816085785,65.60049204155793,140.16249997075647,,
default,sensitive,s2,card,clean,100,16.0,0.0,0.0,0.0,-0.07500000000000001,0.31,8.274,6.35,413,5.3073682816085785,65.60049204155793,140.16249997075647,,
default,sensitive,s2,card,keys,0,16.0,2.0,1.0,0.0,-0.055,0.71,8.274,5.9753125,413,7.848889345120521,85.37346404045819,161.8026999058202,,
default,sensitive,s2,card,keys,100,16.0,3.0,2.0,0.0,-0.055,0.71,8.274,5.6753125,413,7.848889345120521,85.37346404045819,161.8026999058202,,
default,sensitive,s3,password,clean,0,4.0,0.0,0.0,0.0,-0.08500000000000002,0.43,4.658,2.5199375,232,6.459145691318052,73.59267295105379,267.8590000141412,,
default,sensitive,s3,password,clean,100,4.0,0.0,0.0,0.0,-0.08500000000000002,0.43,4.658,2.3299375,232,6.459145691318052,73.59267295105379,267.8590000141412,,
default,sensitive,s3,password,keys,0,4.0,1.0,0.0,0.0,-0.16499999999999998,0.43,4.658,2.19,232,7.02273836138594,72.55655003362335,210.12609999161214,,
default,sensitive,s3,password,keys,100,4.0,1.0,1.0,0.0,-0.16499999999999998,0.43,4.658,1.8799375,232,7.02273836138594,72.55655003362335,210.12609999161214,,
default,sensitive,s4,no-trigger,clean,0,4.0,1.0,1.0,1.0,0.235,0.73,3.49,1.6799375,174,6.213625288841411,121.16802103701104,180.33989996183664,,
default,sensitive,s4,no-trigger,clean,100,4.0,1.0,1.0,1.0,0.235,0.73,3.49,1.6799375,174,6.213625288841411,121.16802103701104,180.33989996183664,,
default,sensitive,s4,no-trigger,keys,0,4.0,1.0,1.0,1.0,0.295,0.79,3.49,1.6799375,174,6.308056899860245,114.49290494085328,181.52319989167154,,
default,sensitive,s4,no-trigger,keys,100,4.0,1.0,1.0,1.0,0.295,0.79,3.49,1.5899375,174,6.308056899860245,114.49290494085328,181.52319989167154,,
default,sensitive,s5,code,clean,0,6.0,3.0,2.0,1.0,0.34,0.97,4.85,1.9295625,242,5.717130167186568,64.04704098822552,182.597600040026,,
default,sensitive,s5,code,clean,100,6.0,3.0,3.0,1.0,0.34,0.97,4.85,1.8295625,242,5.717130167186568,64.04704098822552,182.597600040026,,
default,sensitive,s5,code,keys,0,6.0,3.0,2.0,1.0,0.32,0.95,4.85,1.949875,242,6.520816116797746,65.91905704583043,201.22520008590072,,
default,sensitive,s5,code,keys,100,6.0,3.0,3.0,1.0,0.32,0.95,4.85,1.849875,242,6.520816116797746,65.91905704583043,201.22520008590072,,
default,sensitive,s6,pin,clean,0,4.0,0.0,0.0,0.0,-0.1,0.32,3.586,2.01,179,6.577644700720366,85.20204000873483,251.18440005462617,,
default,sensitive,s6,pin,clean,100,4.0,0.0,0.0,0.0,-0.1,0.32,3.586,1.91,179,6.577644700720366,85.20204000873483,251.18440005462617,,
default,sensitive,s6,pin,keys,0,4.0,3.0,2.0,1.0,0.72,1.14,3.586,1.19,179,7.387978215337673,107.19800406135617,169.81099999975413,,
default,sensitive,s6,pin,keys,100,4.0,3.0,3.0,1.0,0.72,1.14,3.586,1.09,179,7.387978215337673,107.19800406135617,169.81099999975413,,
default,sensitive,s7,card,clean,0,16.0,0.0,0.0,0.0,-0.16999999999999998,0.08,7.586,5.97,379,5.4033540928303845,54.114251958671616,188.5033999569714,,
default,sensitive,s7,card,clean,100,16.0,0.0,0.0,0.0,-0.16999999999999998,0.08,7.586,5.87,379,5.4033540928303845,54.114251958671616,188.5033999569714,,
default,sensitive,s7,card,keys,0,16.0,0.0,0.0,0.0,-0.175,0.08,7.586,5.8799375,379,6.237610817965523,50.813982002437086,319.1045999992639,,
default,sensitive,s7,card,keys,100,16.0,0.0,0.0,0.0,-0.175,0.08,7.586,5.7799375,379,6.237610817965523,50.813982002437086,319.1045999992639,,
default,sensitive,s8,password,clean,0,4.0,0.0,0.0,0.0,-0.44,0.1,4.226,2.6499375,211,6.1241118485655335,94.82968000229454,145.90740005951375,,
default,sensitive,s8,password,clean,100,4.0,0.0,0.0,0.0,-0.44,0.1,4.226,2.5499375,211,6.1241118485655335,94.82968000229454,145.90740005951375,,
default,sensitive,s8,password,keys,0,4.0,0.0,0.0,0.0,-0.36,0.18,4.226,2.507,211,6.372653080318211,81.1098099336961,269.72560002468526,,
default,sensitive,s8,password,keys,100,4.0,0.0,0.0,0.0,-0.36,0.18,4.226,2.407,211,6.372653080318211,81.1098099336961,269.72560002468526,,
default,sensitive,s9,no-trigger,clean,0,6.0,2.0,1.0,1.0,0.085,0.94,4.258,2.29,212,6.082689150166258,75.4770750424358,239.8152999812737,,
default,sensitive,s9,no-trigger,clean,100,6.0,2.0,2.0,1.0,0.085,0.94,4.258,2.19,212,6.082689150166258,75.4770750424358,239.8152999812737,,
default,sensitive,s9,no-trigger,keys,0,6.0,6.0,6.0,1.0,,,4.258,0.0,212,7.643104247520414,147.60557903326063,167.19309997279197,,
default,sensitive,s9,no-trigger,keys,100,6.0,6.0,6.0,1.0,,,4.258,0.0,212,7.643104247520414,147.60557903326063,167.19309997279197,,
default,sensitive,s10,code,clean,0,7.0,0.0,0.0,0.0,-0.16,0.34,5.794,3.9994375,289,5.656437370700562,68.85289199184628,248.75789997167885,,
default,sensitive,s10,code,clean,100,7.0,1.0,0.0,0.0,-0.16,0.34,5.794,3.7994375,289,5.656437370700562,68.85289199184628,248.75789997167885,,
default,sensitive,s10,code,keys,0,7.0,0.0,0.0,0.0,-0.16,0.34,5.794,4.059375,289,5.884921454154213,77.15745997149507,240.38650002330542,,
default,sensitive,s10,code,keys,100,7.0,0.0,0.0,0.0,-0.16,0.34,5.794,3.949375,289,5.884921454154213,77.15745997149507,240.38650002330542,,
default,sensitive,s11,pin,clean,0,4.0,1.0,1.0,1.0,0.37,0.91,4.018,1.81,200,7.0006995042786,102.94128199922811,158.07070001028478,,
default,sensitive,s11,pin,clean,100,4.0,2.0,1.0,1.0,0.37,0.91,4.018,1.71,200,7.0006995042786,102.94128199922811,158.07070001028478,,
default,sensitive,s11,pin,keys,0,4.0,2.0,1.0,1.0,0.44999999999999996,0.99,4.018,1.73,200,7.25401199364569,100.95841101603536,172.304300009273,,
default,sensitive,s11,pin,keys,100,4.0,2.0,2.0,1.0,0.44999999999999996,0.99,4.018,1.63,200,7.25401199364569,100.95841101603536,172.304300009273,,
default,sensitive,s12,card,clean,0,16.0,0.0,0.0,0.0,-0.025,0.22,7.73,5.77675,386,5.9141904158503245,56.178769969846684,297.2707999870181,,
default,sensitive,s12,card,clean,100,16.0,1.0,0.0,0.0,-0.025,0.22,7.73,5.5666875,386,5.9141904158503245,56.178769969846684,297.2707999870181,,
default,sensitive,s12,card,keys,0,16.0,0.0,0.0,0.0,-0.06,0.28,7.73,5.78,386,7.38446658098385,61.632264946820015,289.6648000460118,,
default,sensitive,s12,card,keys,100,16.0,1.0,0.0,0.0,-0.06,0.28,7.73,5.59,386,7.38446658098385,61.632264946820015,289.6648000460118,,
default,sensitive,s13,password,clean,0,4.0,0.0,0.0,0.0,-0.04999999999999999,0.3,4.706,2.41,235,6.518488936126232,99.83952204464,207.16059999540448,,
default,sensitive,s13,password,clean,100,4.0,0.0,0.0,0.0,-0.04999999999999999,0.3,4.706,2.31,235,6.518488936126232,99.83952204464,207.16059999540448,,
default,sensitive,s13,password,keys,0,4.0,0.0,0.0,0.0,0.075,0.33,4.706,2.27,235,6.773069359738617,78.66519801085806,343.0958000244573,,
default,sensitive,s13,password,keys,100,4.0,0.0,0.0,0.0,0.075,0.33,4.706,2.17,235,6.773069359738617,78.66519801085806,343.0958000244573,,
default,sensitive,s14,no-trigger,clean,0,6.0,3.0,3.0,1.0,0.405,0.96,4.402,1.639375,220,6.304935909892348,96.80550001678064,239.97410002630204,,
default,sensitive,s14,no-trigger,clean,100,6.0,4.0,4.0,1.0,0.405,0.96,4.402,1.539375,220,6.304935909892348,96.80550001678064,239.97410002630204,,
default,sensitive,s14,no-trigger,keys,0,6.0,3.0,3.0,1.0,0.31,1.27,4.402,1.8699375,220,6.161900000138716,91.49357693735516,278.83209998253733,,
default,sensitive,s14,no-trigger,keys,100,6.0,3.0,3.0,1.0,0.31,1.27,4.402,1.7699375,220,6.161900000138716,91.49357693735516,278.83209998253733,,
default,sensitive,s15,code,clean,0,6.0,1.0,1.0,1.0,0.10999999999999999,0.77,4.258,2.159625,212,7.7818834869727,89.93633003672566,305.4685000097379,,
default,sensitive,s15,code,clean,100,6.0,2.0,1.0,1.0,0.10999999999999999,0.77,4.258,2.089625,212,7.7818834869727,89.93633003672566,305.4685000097379,,
default,sensitive,s15,code,keys,0,6.0,1.0,1.0,1.0,0.33499999999999996,0.77,4.258,2.16,212,9.47135801587412,149.67600499512602,235.16909999307245,,
default,sensitive,s15,code,keys,100,6.0,2.0,1.0,1.0,0.33499999999999996,0.77,4.258,2.0059375,212,9.47135801587412,149.67600499512602,235.16909999307245,,
default,sensitive,s16,pin,clean,0,4.0,2.0,2.0,1.0,0.53,0.92,3.842,1.38,192,7.631063019289286,86.33657892816723,253.2989999745041,,
default,sensitive,s16,pin,clean,100,4.0,2.0,2.0,1.0,0.53,0.92,3.842,1.28,192,7.631063019289286,86.33657892816723,253.2989999745041,,
default,sensitive,s16,pin,keys,0,4.0,0.0,0.0,0.0,-0.010000000000000002,0.38,3.842,1.9496875,192,8.171539060034169,152.34387607197283,168.46979991532862,,
default,sensitive,s16,pin,keys,100,4.0,0.0,0.0,0.0,-0.010000000000000002,0.38,3.842,1.8496875,192,8.171539060034169,152.34387607197283,168.46979991532862,,
default,sensitive,s17,card,clean,0,16.0,0.0,0.0,0.0,-0.155,0.1,8.146,6.13,407,7.284010319709687,96.09624803066252,245.33619999419898,,
default,sensitive,s17,card,clean,100,16.0,0.0,0.0,0.0,-0.155,0.1,8.146,6.03,407,7.284010319709687,96.09624803066252,245.33619999419898,,
default,sensitive,s17,card,keys,0,16.0,1.0,0.0,0.0,-0.12000000000000001,0.54,8.146,6.0,407,9.16960343623566,78.84756599552928,228.02330006379634,,
default,sensitive,s17,card,keys,100,16.0,2.0,0.0,0.0,-0.12000000000000001,0.54,8.146,5.758375,407,9.16960343623566,78.84756599552928,228.02330006379634,,
default,sensitive,s18,password,clean,0,4.0,0.0,0.0,0.0,-0.015,0.49,4.93,2.579875,246,7.42224471338805,97.75670999079057,279.3316999450326,,
default,sensitive,s18,password,clean,100,4.0,1.0,0.0,0.0,-0.015,0.49,4.93,2.379875,246,7.42224471338805,97.75670999079057,279.3316999450326,,
default,sensitive,s18,password,keys,0,4.0,1.0,0.0,0.0,0.065,0.31,4.93,2.189625,246,7.834889836102057,103.24209505924969,229.6752999536693,,
default,sensitive,s18,password,keys,100,4.0,1.0,0.0,0.0,0.065,0.31,4.93,1.989625,246,7.834889836102057,103.24209505924969,229.6752999536693,,
default,sensitive,s19,no-trigger,clean,0,7.0,2.0,2.0,1.0,0.195,0.92,4.354,2.1298125,217,6.882628568121949,127.83450403716427,169.10589998587966,,
default,sensitive,s19,no-trigger,clean,100,7.0,3.0,2.0,1.0,0.195,0.92,4.354,2.0298125,217,6.882628568121949,127.83450403716427,169.10589998587966,,
default,sensitive,s19,no-trigger,keys,0,7.0,2.0,2.0,1.0,0.155,0.92,4.354,2.1,217,8.026429493847187,83.14884002320471,274.2486000061035,,
default,sensitive,s19,no-trigger,keys,100,7.0,3.0,2.0,1.0,0.155,0.92,4.354,2.0,217,8.026429493847187,83.14884002320471,274.2486000061035,,
default,sensitive,s20,code,clean,0,6.0,2.0,1.0,1.0,0.19,0.92,4.61,2.0996875,230,6.4802700015918715,78.63043193239727,217.54530002363026,,
default,sensitive,s20,code,clean,100,6.0,2.0,2.0,1.0,0.19,0.92,4.61,1.9996875,230,6.4802700015918715,78.63043193239727,217.54530002363026,,
default,sensitive,s20,code,keys,0,6.0,2.0,2.0,1.0,0.2,0.94,4.61,2.11,230,7.389743040498022,62.31209203018812,329.8695998964831,,
default,sensitive,s20,code,keys,100,6.0,2.0,2.0,1.0,0.2,0.94,4.61,2.01,230,7.389743040498022,62.31209203018812,329.8695998964831,,
default,sensitive,s21,pin,clean,0,4.0,1.0,1.0,1.0,0.395,0.83,4.194,1.77,209,5.624773203056645,77.228935942985,190.00179995782673,,
default,sensitive,s21,pin,clean,100,4.0,2.0,1.0,1.0,0.395,0.83,4.194,1.67,209,5.624773203056645,77.228935942985,190.00179995782673,,
default,sensitive,s21,pin,keys,0,4.0,2.0,2.0,1.0,0.655,1.09,4.194,1.479875,209,6.804525832150969,76.37715599033979,205.72770002763718,,
default,sensitive,s21,pin,keys,100,4.0,3.0,2.0,1.0,0.655,1.09,4.194,1.379875,209,6.804525832150969,76.37715599033979,205.72770002763718,,
default,sensitive,s22,card,clean,0,16.0,1.0,1.0,1.0,-0.105,0.85,7.506,4.899875,375,5.309622668661177,64.47709807660416,158.04889996070415,,
default,sensitive,s22,card,clean,100,16.0,2.0,1.0,1.0,-0.105,0.85,7.506,4.799875,375,5.309622668661177,64.47709807660416,158.04889996070415,,
default,sensitive,s22,card,keys,0,16.0,1.0,1.0,1.0,-0.08,0.83,7.506,4.9499375,375,5.959834400874873,61.672248058021,271.2941999780014,,
default,sensitive,s22,card,keys,100,16.0,2.0,1.0,1.0,-0.08,0.83,7.506,4.8499375,375,5.959834400874873,61.672248058021,271.2941999780014,,
default,sensitive,s23,password,clean,0,4.0,0.0,0.0,0.0,-0.375,0.18,4.034,2.42,201,6.792773632216846,102.73520008195192,236.00229993462563,,
default,sensitive,s23,password,clean,100,4.0,0.0,0.0,0.0,-0.375,0.18,4.034,2.32,201,6.792773632216846,102.73520008195192,236.00229993462563,,
default,sensitive,s23,password,keys,0,4.0,0.0,0.0,0.0,-0.335,0.22,4.034,2.38,201,7.917653728132854,70.35359996370971,293.7176999403164,,
default,sensitive,s23,password,keys,100,4.0,0.0,0.0,0.0,-0.335,0.22,4.034,2.28,201,7.917653728132854,70.35359996370971,293.7176999403164,,
default,sensitive,s24,no-trigger,clean,0,6.0,1.0,1.0,1.0,0.14,0.89,3.762,1.92,188,5.885760636722788,67.85777400131296,180.74790004175156,,
default,sensitive,s24,no-trigger,clean,100,6.0,2.0,2.0,1.0,0.14,0.89,3.762,1.82,188,5.885760636722788,67.85777400131296,180.74790004175156,,
default,sensitive,s24,no-trigger,keys,0,6.0,2.0,2.0,1.0,0.4,1.15,3.762,1.66,188,5.8726420213636805,79.77687600534378,140.68239997141063,,
default,sensitive,s24,no-trigger,keys,100,6.0,3.0,2.0,1.0,0.4,1.15,3.762,1.56,188,5.8726420213636805,79.77687600534378,140.68239997141063,,
default,sensitive,s25,code,clean,0,5.0,2.0,2.0,1.0,0.55,1.18,4.274,1.148625,213,3.923085916070311,48.16780798137186,122.78460001107305,,
default,sensitive,s25,code,clean,100,5.0,3.0,3.0,1.0,0.55,1.18,4.274,1.048625,213,3.923085916070311,48.16780798137186,122.78460001107305,,
default,sensitive,s25,code,keys,0,5.0,2.0,2.0,1.0,0.53,1.16,4.274,1.56,213,4.3836093864058245,49.18251208029682,200.8999000536278,,
default,sensitive,s25,code,keys,100,5.0,3.0,2.0,1.0,0.53,1.16,4.274,1.46,213,4.3836093864058245,49.18251208029682,200.8999000536278,,
default,sensitive,s26,pin,clean,0,4.0,0.0,0.0,0.0,-0.19999999999999998,0.28,3.586,2.26,179,4.950860898952161,65.90192398987709,96.80479997768998,,
default,sensitive,s26,pin,clean,100,4.0,0.0,0.0,0.0,-0.19999999999999998,0.28,3.586,2.16,179,4.950860898952161,65.90192398987709,96.80479997768998,,
default,sensitive,s26,pin,keys,0,4.0,3.0,2.0,1.0,0.7,1.28,3.586,1.2399375,179,5.461889942171437,68.64791598170996,101.7932000104338,,
default,sensitive,s26,pin,keys,100,4.0,3.0,3.0,1.0,0.7,1.28,3.586,1.1399375,179,5.461889942171437,68.64791598170996,101.7932000104338,,
default,sensitive,s27,card,clean,0,16.0,1.0,0.0,0.0,-0.125,0.15,8.002,5.12,400,3.8645272483699955,41.602830041665534,115.9468999831006,,
default,sensitive,s27,card,clean,100,16.0,1.0,0.0,0.0,-0.125,0.15,8.002,5.02,400,3.8645272483699955,41.602830041665534,115.9468999831006,,
default,sensitive,s27,card,keys,0,16.0,0.0,0.0,0.0,-0.11,0.43,8.002,5.32,400,4.751513001683634,47.75688401889054,106.3276999630034,,
default,sensitive,s27,card,keys,100,16.0,0.0,0.0,0.0,-0.11,0.43,8.002,5.16,400,4.751513001683634,47.75688401889054,106.3276999630034,,
default,sensitive,s28,password,clean,0,4.0,0.0,0.0,0.0,-0.10499999999999998,0.16,4.898,2.6799375,244,4.279542214344026,54.877088913926855,124.34829992707819,,
default,sensitive,s28,password,clean,100,4.0,0.0,0.0,0.0,-0.10499999999999998,0.16,4.898,2.5799375,244,4.279542214344026,54.877088913926855,124.34829992707819,,
default,sensitive,s28,password,keys,0,4.0,4.0,4.0,1.0,,,4.898,0.0,244,4.304522541103518,67.18158200383168,102.22140001133084,,
default,sensitive,s28,password,keys,100,4.0,4.0,4.0,1.0,,,4.898,0.0,244,4.304522541103518,67.18158200383168,102.22140001133084,,
default,sensitive,s29,no-trigger,clean,0,8.0,3.0,3.0,1.0,0.06,0.51,4.338,1.93975,216,4.892287961815277,57.13331003207709,109.14319998119026,,
default,sensitive,s29,no-trigger,clean,100,8.0,4.0,4.0,1.0,0.06,0.51,4.338,1.83975,216,4.892287961815277,57.13331003207709,109.14319998119026,,
default,sensitive,s29,no-trigger,keys,0,8.0,3.0,3.0,1.0,0.28,0.51,4.338,1.88,216,5.5087981438393605,64.47266499744727,93.54420006275177,,
default,sensitive,s29,no-trigger,keys,100,8.0,4.0,4.0,1.0,0.28,0.51,4.338,1.75,216,5.5087981438393605,64.47266499744727,93.54420006275177,,
default,sensitive,s30,code,clean,0,6.0,0.0,0.0,0.0,-0.13,0.21,5.522,4.08,276,4.098886596140169,44.38897501677275,156.34630003478378,,
default,sensitive,s30,code,clean,100,6.0,0.0,0.0,0.0,-0.13,0.21,5.522,3.9,276,4.098886596140169,44.38897501677275,156.34630003478378,,
default,sensitive,s30,code,keys,0,6.0,2.0,1.0,0.0,0.009999999999999995,0.57,5.522,3.729875,276,4.671866303238937,55.56985005387105,172.47979994863272,,
default,sensitive,s30,code,keys,100,6.0,2.0,2.0,0.0,0.009999999999999995,0.57,5.522,3.529875,276,4.671866303238937,55.56985005387105,172.47979994863272,,
default,sensitive,s31,pin,clean,0,4.0,2.0,1.0,1.0,0.49,0.85,3.65,0.9664375,182,4.373168678964478,66.01049501332446,148.598299943842,,
default,sensitive,s31,pin,clean,100,4.0,2.0,2.0,1.0,0.49,0.85,3.65,0.8664375,182,4.373168678964478,66.01049501332446,148.598299943842,,
default,sensitive,s31,pin,keys,0,4.0,2.0,2.0,1.0,0.55,0.91,3.65,0.754875,182,5.182059341657825,64.11122501594933,139.32879990898073,,
default,sensitive,s31,pin,keys,100,4.0,2.0,2.0,1.0,0.55,0.91,3.65,0.654875,182,5.182059341657825,64.11122501594933,139.32879990898073,,
default,sensitive,s32,card,clean,0,16.0,0.0,0.0,0.0,-0.245,0.08,8.818,7.03,440,3.8598379540913315,40.48269405262545,95.2219000319019,,
default,sensitive,s32,card,clean,100,16.0,0.0,0.0,0.0,-0.245,0.08,8.818,6.93,440,3.8598379540913315,40.48269405262545,95.2219000319019,,
default,sensitive,s32,card,keys,0,16.0,2.0,1.0,0.0,-0.23,0.75,8.818,6.5403125,440,4.237353409883905,35.56737603968945,160.19179997965693,,
default,sensitive,s32,card,keys,100,16.0,2.0,2.0,0.0,-0.23,0.75,8.818,6.3403125,440,4.237353409883905,35.56737603968945,160.19179997965693,,
default,sensitive,s33,password,clean,0,4.0,0.0,0.0,0.0,-0.51,0.12,4.738,2.24,236,4.228092799105255,83.27267499407772,115.62340008094907,,
default,sensitive,s33,password,clean,100,4.0,0.0,0.0,0.0,-0.51,0.12,4.738,2.14,236,4.228092799105255,83.27267499407772,115.62340008094907,,
default,sensitive,s33,password,keys,0,4.0,0.0,0.0,0.0,-0.51,0.12,4.738,2.1499375,236,5.119330083489639,71.13575501134623,112.4263999518007,,
default,sensitive,s33,password,keys,100,4.0,0.0,0.0,0.0,-0.51,0.12,4.738,2.0499375,236,5.119330083489639,71.13575501134623,112.4263999518007,,
default,sensitive,s34,no-trigger,clean,0,7.0,1.0,1.0,1.0,0.26,0.92,4.674,2.61,233,4.470570382158484,61.732919942587834,183.55700001120567,,
default,sensitive,s34,no-trigger,clean,100,7.0,2.0,2.0,1.0,0.26,0.92,4.674,2.5095,233,4.470570382158484,61.732919942587834,183.55700001120567,,
default,sensitive,s34,no-trigger,keys,0,7.0,2.0,2.0,1.0,0.27,1.1,4.674,2.3999375,233,5.086205148761652,82.05895601306139,181.91569996997714,,
default,sensitive,s34,no-trigger,keys,100,7.0,2.0,2.0,1.0,0.27,1.1,4.674,2.2499375,233,5.086205148761652,82.05895601306139,181.91569996997714,,
default,sensitive,s35,code,clean,0,4.0,2.0,1.0,1.0,0.5,0.95,3.826,1.56,191,4.260632458767069,85.6882599648088,95.22080002352595,,
default,sensitive,s35,code,clean,100,4.0,2.0,2.0,1.0,0.5,0.95,3.826,1.46,191,4.260632458767069,85.6882599648088,95.22080002352595,,
default,sensitive,s35,code,keys,0,4.0,2.0,2.0,1.0,0.43,0.85,3.826,1.2599375,191,5.037797906884621,84.19412001967417,193.78540001343936,,
default,sensitive,s35,code,keys,100,4.0,2.0,2.0,1.0,0.43,0.85,3.826,1.1999375,191,5.037797906884621,84.19412001967417,193.78540001343936,,
default,sensitive,s36,pin,clean,0,4.0,2.0,1.0,1.0,0.425,0.86,3.922,1.69975,196,5.014505610345122,58.6724949826025,181.55930005013943,,
default,sensitive,s36,pin,clean,100,4.0,2.0,2.0,1.0,0.425,0.86,3.922,1.59975,196,5.014505610345122,58.6724949826025,181.55930005013943,,
default,sensitive,s36,pin,keys,0,4.0,2.0,2.0,1.0,0.5449999999999999,0.98,3.922,1.576,196,4.8293341842137885,59.274969983380814,105.0190000096336,,
default,sensitive,s36,pin,keys,100,4.0,2.0,2.0,1.0,0.5449999999999999,0.98,3.922,1.476,196,4.8293341842137885,59.274969983380814,105.0190000096336,,
default,sensitive,s37,card,clean,0,16.0,0.0,0.0,0.0,-0.185,0.17,8.258,6.1495625,412,3.822816991037011,46.78725299425409,100.52520001772791,,
default,sensitive,s37,card,clean,100,16.0,0.0,0.0,0.0,-0.185,0.17,8.258,6.0495625,412,3.822816991037011,46.78725299425409,100.52520001772791,,
default,sensitive,s37,card,keys,0,16.0,3.0,2.0,1.0,-0.14,0.53,8.258,4.88975,412,4.866268689511344,45.94956394634194,207.65449991449714,,
default,sensitive,s37,card,keys,100,16.0,5.0,2.0,1.0,-0.14,0.53,8.258,4.64975,412,4.866268689511344,45.94956394634194,207.65449991449714,,
default,sensitive,s38,password,clean,0,4.0,0.0,0.0,0.0,-0.12499999999999999,0.18,4.642,2.74,232,4.830096548740302,41.86145205865614,202.08529999945313,,
default,sensitive,s38,password,clean,100,4.0,0.0,0.0,0.0,-0.12499999999999999,0.18,4.642,2.64,232,4.830096548740302,41.86145205865614,202.08529999945313,,
default,sensitive,s38,password,keys,0,4.0,4.0,4.0,1.0,,,4.642,0.0,232,6.414543532722244,124.28831296041598,172.87760006729513,,
default,sensitive,s38,password,keys,100,4.0,4.0,4.0,1.0,,,4.642,0.0,232,6.414543532722244,124.28831296041598,172.87760006729513,,
default,sensitive,s39,no-trigger,clean,0,7.0,1.0,1.0,1.0,0.07,0.82,4.354,2.59,217,4.3293428548272646,40.81460803281516,180.66120008006692,,
default,sensitive,s39,no-trigger,clean,100,7.0,2.0,1.0,1.0,0.07,0.82,4.354,2.49,217,4.3293428548272646,40.81460803281516,180.66120008006692,,
default,sensitive,s39,no-trigger,keys,0,7.0,5.0,4.0,1.0,0.6,1.17,4.354,1.46,217,6.191920736388299,83.73051606584345,182.55340005271137,,
default,sensitive,s39,no-trigger,keys,100,7.0,5.0,5.0,1.0,0.6,1.17,4.354,1.36,217,6.191920736388299,83.73051606584345,182.55340005271137,,
default,innocent-out,tts:0,tts,clean,0,,,,,,,2.882,0.0,144,4.125813191219802,72.14358398341543,147.81430002767593,0.0,0.0
default,innocent-out,tts:1,tts,clean,0,,,,,,,3.762,0.0,188,4.360233511567671,63.6277300294023,102.64619998633862,0.0,0.0
default,innocent-out,tts:2,tts,clean,0,,,,,,,3.314,0.0,165,4.195018182508647,67.21250800881513,89.99570005107671,0.0,0.0
default,innocent-out,tts:3,tts,clean,0,,,,,,,3.17,0.0,158,4.026961393501091,76.06669703964167,109.17420010082424,0.0,0.0
default,innocent-out,tts:4,tts,clean,0,,,,,,,3.042,0.0,152,4.918921051093524,75.27354398043875,166.8207999318838,0.0,0.0
default,innocent-out,tts:5,tts,clean,0,,,,,,,3.666,0.719875,183,4.4015245887455965,63.83824001764911,190.01970009412616,0.0,1.0
default,innocent-out,tts:6,tts,clean,0,,,,,,,4.162,0.89,208,3.694248555313187,49.56594294286336,99.69699999783188,0.0,1.0
default,innocent-out,tts:7,tts,clean,0,,,,,,,3.57,0.76,178,4.16079101288754,67.50948905944776,111.07559991069138,0.0,1.0
default,innocent-out,tts:8,tts,clean,0,,,,,,,3.57,0.0,178,4.744296625329788,66.12507000449109,93.77110004425049,0.0,0.0
default,innocent-out,tts:9,tts,clean,0,,,,,,,2.962,0.0,148,4.739987160507086,75.63219595234847,98.78630004823208,0.0,0.0
default,innocent-out,tts:10,tts,clean,0,,,,,,,3.826,0.0,191,4.090865446176594,40.587970067280935,181.60350003745407,0.0,0.0
default,innocent-out,tts:11,tts,clean,0,,,,,,,3.682,0.0,184,4.341278803463944,76.29451999557203,95.88110004551709,0.0,0.0
default,innocent-out,tts:12,tts,clean,0,,,,,,,3.682,0.0,184,3.9378869563654955,61.63062406936602,101.14069993142039,0.0,0.0
default,innocent-out,tts:13,tts,clean,0,,,,,,,3.554,0.6699375,177,4.605875707673445,57.24283203948315,98.35039998870343,0.0,1.0
default,innocent-out,tts:14,tts,clean,0,,,,,,,3.794,0.0,189,4.327633336836857,50.85654403083052,182.31379997450858,0.0,0.0
default,innocent-out,tts:15,tts,clean,0,,,,,,,3.57,0.0,178,4.201502245563093,57.52804200281364,93.43630005605519,0.0,0.0
default,innocent-out,tts:16,tts,clean,0,,,,,,,3.634,1.1398125,181,4.299603868275881,67.50494006555485,141.87040005344898,0.0,2.0
default,innocent-out,tts:17,tts,clean,0,,,,,,,3.378,0.7499375,168,4.064050594544304,62.60399102349825,186.08489993494004,0.0,1.0
default,innocent-out,tts:18,tts,clean,0,,,,,,,3.81,0.93,190,4.144832635862066,64.56818105070803,102.98540000803769,0.0,2.0
default,innocent-out,tts:19,tts,clean,0,,,,,,,2.962,0.69,148,4.572935811420147,76.30034196306957,142.86130003165454,0.0,1.0
default,innocent-out,tts:0,tts,keys,0,,,,,,,2.882,0.0,144,5.324059723837611,98.60828800476155,138.65949993487448,0.0,0.0
default,innocent-out,tts:1,tts,keys,0,,,,,,,3.762,0.0,188,3.946782448923493,59.94077800423822,115.06549990735948,0.0,0.0
default,innocent-out,tts:2,tts,keys,0,,,,,,,3.314,0.0,165,3.7541557597278645,64.89868406206352,106.00909998174757,0.0,0.0
default,innocent-out,tts:3,tts,keys,0,,,,,,,3.17,0.0,158,3.818353165023595,72.14478300535144,99.4207999901846,0.0,0.0
default,innocent-out,tts:4,tts,keys,0,,,,,,,3.042,0.0,152,5.550815789702986,114.8955940105953,182.6102000195533,0.0,0.0
default,innocent-out,tts:5,tts,keys,0,,,,,,,3.666,0.75,183,4.15870109242209,49.28305196808698,197.17609998770058,0.0,1.0
default,innocent-out,tts:6,tts,keys,0,,,,,,,4.162,0.8999375,208,3.782119714462449,45.64817901002245,109.45760004688054,0.0,1.0
default,innocent-out,tts:7,tts,keys,0,,,,,,,3.57,0.76,178,4.170889322635498,59.78751097340046,167.3766999738291,0.0,1.0
default,innocent-out,tts:8,tts,keys,0,,,,,,,3.57,0.0,178,4.025044945183764,54.14503201842278,103.24530000798404,0.0,0.0
default,innocent-out,tts:9,tts,keys,0,,,,,,,2.962,0.0,148,4.673681756783579,80.0651040207595,107.17329999897629,0.0,0.0
default,innocent-out,tts:10,tts,keys,0,,,,,,,3.826,0.0,191,3.9299853354526673,74.98341993195935,100.42849997989833,0.0,0.0
default,innocent-out,tts:11,tts,keys,0,,,,,,,3.682,0.0,184,4.803609238993174,96.05634804582208,107.3204999556765,0.0,0.0
default,innocent-out,tts:12,tts,keys,0,,,,,,,3.682,0.0,184,4.471393479236766,87.58942903601542,114.17319998145103,0.0,0.0
default,innocent-out,tts:13,tts,keys,0,,,,,,,3.554,0.6690625,177,4.6616203387104775,61.836016010493346,185.0564000196755,0.0,1.0
default,innocent-out,tts:14,tts,keys,0,,,,,,,3.794,0.0,189,6.207798409310204,88.77123601734644,174.96880004182458,0.0,0.0
default,innocent-out,tts:15,tts,keys,0,,,,,,,3.57,0.0,178,5.062063482297019,71.90238497918469,107.54969995468855,0.0,0.0
default,innocent-out,tts:16,tts,keys,0,,,,,,,3.634,0.9899375,181,4.609739776438318,62.16963999904643,141.21180004440248,0.0,2.0
default,innocent-out,tts:17,tts,keys,0,,,,,,,3.378,0.0,168,5.398427382932001,92.55607803468597,176.02279991842806,0.0,0.0
default,innocent-out,tts:18,tts,keys,0,,,,,,,3.81,0.0,190,4.664485793756811,66.68447390431493,106.25900002196431,0.0,0.0
default,innocent-out,tts:19,tts,keys,0,,,,,,,2.962,0.7060625,148,5.2442101374696435,99.46652001002803,173.2591000618413,0.0,1.0
default,innocent-out,ls:1487,ls,clean,0,,,,,,,15.93,0.0,796,3.49025025141271,30.021499952999875,149.41760001238436,0.0,0.0
default,innocent-out,ls:5876,ls,clean,0,,,,,,,6.42,0.0,321,4.990913392758328,41.89108000136914,131.71369989868253,0.0,0.0
default,innocent-out,ls:7926,ls,clean,0,,,,,,,11.79,0.0,589,5.04113531672255,40.64313595183195,180.98040006589144,0.0,0.0
default,innocent-out,ls:4992,ls,clean,0,,,,,,,8.965,0.0,448,5.297147990599375,47.276029983768225,162.7712999470532,0.0,0.0
default,innocent-out,ls:2577,ls,clean,0,,,,,,,12.045,0.0,602,6.8989900343794615,57.31757694855333,211.97790000587702,0.0,0.0
default,innocent-out,ls:636,ls,clean,0,,,,,,,14.815,0.0,740,5.793853782469759,47.31333801988513,238.0171000258997,0.0,0.0
default,innocent-out,ls:6497,ls,clean,0,,,,,,,14.07,0.0,703,4.785458605165513,44.12068600300704,288.29159995075315,0.0,0.0
default,innocent-out,ls:1607,ls,clean,0,,,,,,,14.295,0.0,714,4.143047199326277,34.645744953304536,128.89419996645302,0.0,0.0
default,innocent-out,ls:6235,ls,clean,0,,,,,,,12.28,0.0,614,3.988359284060871,33.762624087976306,120.484400074929,0.0,0.0
default,innocent-out,ls:7445,ls,clean,0,,,,,,,11.92,0.0,596,4.200356378807568,41.50129503686884,186.56660011038184,0.0,0.0
default,innocent-out,ls:1462,ls,clean,0,,,,,,,4.19,0.0,209,5.123046411170165,65.27950404211856,143.39029998518527,0.0,0.0
default,innocent-out,ls:6313,ls,clean,0,,,,,,,5.425,0.0,271,4.837170476953042,36.37627998832614,140.14439994934946,0.0,0.0
default,innocent-out,ls:718,ls,clean,0,,,,,,,16.035,0.0,801,3.883031833761101,32.34040003735572,96.09669994097203,0.0,0.0
default,innocent-out,ls:225,ls,clean,0,,,,,,,9.795,0.0,489,3.7219642108241535,36.10325193498286,148.93270004540682,0.0,0.0
default,innocent-out,ls:3914,ls,clean,0,,,,,,,15.57,0.0,778,3.881664654140655,34.37590901041404,179.23220002558082,0.0,0.0
default,innocent-out,ls:1472,ls,clean,0,,,,,,,15.135,0.0,756,3.844616668102967,32.434444967657576,147.46959996409714,0.0,0.0
default,innocent-out,ls:1571,ls,clean,0,,,,,,,14.025,0.0,701,3.8005941488996635,37.77340007945895,125.20060001406819,0.0,0.0
default,innocent-out,ls:6300,ls,clean,0,,,,,,,16.56,0.0,828,2.8728607483545616,29.251310995314284,107.78989992104471,0.0,0.0
default,innocent-out,ls:1849,ls,clean,0,,,,,,,14.34,0.0,717,4.230051185653871,43.15862798132048,183.3446000237018,0.0,0.0
default,innocent-out,ls:549,ls,clean,0,,,,,,,11.995,0.0,599,4.465640899771902,34.33710001641881,138.0232999799773,0.0,0.0
default,innocent-out,ls:64,ls,clean,0,,,,,,,8.055,0.0,402,4.749115922810296,51.672718966147016,151.016499963589,0.0,0.0
default,innocent-out,ls:251,ls,clean,0,,,,,,,5.45,0.0,272,4.621400366030524,48.01026001223367,162.10120008327067,0.0,0.0
default,innocent-out,ls:251,ls,clean,0,,,,,,,6.965,0.0,348,4.45340919454218,39.66181401396152,151.56479994766414,0.0,0.0
default,innocent-out,ls:2035,ls,clean,0,,,,,,,7.855,0.0,392,4.564728827229986,40.02718093921414,152.0708000753075,0.0,0.0
default,innocent-out,ls:451,ls,clean,0,,,,,,,14.185,0.0,709,4.3146602253788195,31.118543939664804,169.137499993667,0.0,0.0
default,innocent-out,ls:1913,ls,clean,0,,,,,,,13.49,0.0,674,4.140253858613154,40.45344695448872,120.77529996167868,0.0,0.0
default,innocent-out,ls:7752,ls,clean,0,,,,,,,11.025,0.0,551,5.836386931003722,59.3122499412857,175.67699996288866,0.0,0.0
default,innocent-out,ls:4446,ls,clean,0,,,,,,,5.05,0.0,252,7.550984520801446,92.56782997981647,252.19040003139526,0.0,0.0
default,innocent-out,ls:16,ls,clean,0,,,,,,,12.39,0.0,619,4.549773023854971,35.72697600116953,159.63660005945712,0.0,0.0
default,innocent-out,ls:7525,ls,clean,0,,,,,,,12.745,0.0,637,4.50537849241046,34.49445201084016,138.91980005428195,0.0,0.0
default,innocent-out,ls:6458,ls,clean,0,,,,,,,5.02,1.47,251,5.407080876611292,56.736450002063066,134.30040003731847,0.0,2.0
default,innocent-out,ls:3729,ls,clean,0,,,,,,,5.71,0.0,285,4.997860350270281,50.68873606156571,178.2039999961853,0.0,0.0
default,innocent-out,ls:4064,ls,clean,0,,,,,,,7.475,0.0,373,4.845731903551691,45.566220013424314,155.31270008068532,0.0,0.0
default,innocent-out,ls:6098,ls,clean,0,,,,,,,15.605,0.0,780,3.9118058983988773,44.72785895224664,138.26729997526854,0.0,0.0
default,innocent-out,ls:408,ls,clean,0,,,,,,,15.51,0.0,775,3.8722783227961872,39.885410026181475,144.92210000753403,0.0,0.0
default,innocent-out,ls:7484,ls,clean,0,,,,,,,14.31,0.0,715,4.0737556638782255,37.6804700633511,152.17180002946407,0.0,0.0
default,innocent-out,ls:6188,ls,clean,0,,,,,,,14.74,0.0,737,4.076488330749242,38.72951996512707,141.723099979572,0.0,0.0
default,innocent-out,ls:8347,ls,clean,0,,,,,,,13.22,0.0,661,4.225298941435515,37.268140050582566,145.27750003617257,0.0,0.0
default,innocent-out,ls:4731,ls,clean,0,,,,,,,15.985,0.0,799,4.353742801452589,36.4211159711703,191.29770004656166,0.0,0.0
default,innocent-out,ls:2570,ls,clean,0,,,,,,,11.465,0.0,573,4.287475917324176,34.48044802527874,164.04810000676662,0.0,0.0
hold0,sensitive,s0,code,clean,0,8.0,1.0,1.0,0.0,0.065,0.79,5.202,2.8599375,260,4.707488852839631,57.02637298964007,121.62160000298172,,
hold0,sensitive,s0,code,clean,100,8.0,1.0,1.0,0.0,0.065,0.79,5.202,2.6599375,260,4.707488852839631,57.02637298964007,121.62160000298172,,
hold0,sensitive,s1,pin,clean,0,4.0,0.0,0.0,0.0,-0.21,0.18,3.906,2.1095625,195,5.169086154693594,69.41531794844207,221.0218000691384,,
hold0,sensitive,s1,pin,clean,100,4.0,1.0,0.0,0.0,-0.21,0.18,3.906,1.9095625,195,5.169086154693594,69.41531794844207,221.0218000691384,,
hold0,sensitive,s2,card,clean,0,16.0,1.0,0.0,0.0,0.14,0.33,8.274,5.9499375,413,4.256547939992954,52.9386280663311,116.92679999396205,,
hold0,sensitive,s2,card,clean,100,16.0,1.0,1.0,0.0,0.14,0.33,8.274,5.7499375,413,4.256547939992954,52.9386280663311,116.92679999396205,,
hold0,sensitive,s3,password,clean,0,4.0,0.0,0.0,0.0,-0.08500000000000002,0.45,4.658,2.2099375,232,5.142624139713509,76.15730201825498,132.11920007597655,,
hold0,sensitive,s3,password,clean,100,4.0,0.0,0.0,0.0,-0.08500000000000002,0.45,4.658,2.0099375,232,5.142624139713509,76.15730201825498,132.11920007597655,,
hold0,sensitive,s4,no-trigger,clean,0,4.0,1.0,1.0,1.0,0.33999999999999997,0.73,3.49,1.38,174,4.742742528812425,83.23906099889453,131.02149998303503,,
hold0,sensitive,s4,no-trigger,clean,100,4.0,1.0,1.0,1.0,0.33999999999999997,0.73,3.49,1.38,174,4.742742528812425,83.23906099889453,131.02149998303503,,
hold0,sensitive,s5,code,clean,0,6.0,3.0,2.0,1.0,0.34,0.97,4.85,1.6295625,242,4.681552893074214,47.54103000625039,143.03550007753074,,
hold0,sensitive,s5,code,clean,100,6.0,3.0,3.0,1.0,0.34,0.97,4.85,1.52925,242,4.681552893074214,47.54103000625039,143.03550007753074,,
hold0,sensitive,s6,pin,clean,0,4.0,0.0,0.0,0.0,-0.1,0.32,3.586,1.71,179,5.1550502803010145,61.34656002745024,196.94850000087172,,
hold0,sensitive,s6,pin,clean,100,4.0,0.0,0.0,0.0,-0.1,0.32,3.586,1.61,179,5.1550502803010145,61.34656002745024,196.94850000087172,,
hold0,sensitive,s7,card,clean,0,16.0,0.0,0.0,0.0,0.07500000000000001,0.33,7.586,5.67,379,4.351283909229557,41.549492066260264,147.7388999192044,,
hold0,sensitive,s7,card,clean,100,16.0,0.0,0.0,0.0,0.07500000000000001,0.33,7.586,5.57,379,4.351283909229557,41.549492066260264,147.7388999192044,,
hold0,sensitive,s8,password,clean,0,4.0,0.0,0.0,0.0,-0.44,0.1,4.226,2.29,211,4.673687206532683,75.04411004483705,109.83079997822642,,
hold0,sensitive,s8,password,clean,100,4.0,0.0,0.0,0.0,-0.44,0.1,4.226,2.19,211,4.673687206532683,75.04411004483705,109.83079997822642,,
hold0,sensitive,s9,no-trigger,clean,0,6.0,2.0,1.0,1.0,0.255,0.94,4.258,1.99,212,4.7865004738889425,60.11645199730988,179.70750003587455,,
hold0,sensitive,s9,no-trigger,clean,100,6.0,2.0,2.0,1.0,0.255,0.94,4.258,1.8499375,212,4.7865004738889425,60.11645199730988,179.70750003587455,,
hold0,sensitive,s10,code,clean,0,7.0,1.0,0.0,0.0,0.0,0.74,5.794,3.3994375,289,4.403721452545645,51.625152002088754,177.78269993141294,,
hold0,sensitive,s10,code,clean,100,7.0,1.0,1.0,0.0,0.0,0.74,5.794,3.1994375,289,4.403721452545645,51.625152002088754,177.78269993141294,,
hold0,sensitive,s11,pin,clean,0,4.0,1.0,1.0,1.0,0.37,0.91,4.018,1.51,200,5.630827499553561,89.42237588809786,121.1084999376908,,
hold0,sensitive,s11,pin,clean,100,4.0,2.0,1.0,1.0,0.37,0.91,4.018,1.41,200,5.630827499553561,89.42237588809786,121.1084999376908,,
hold0,sensitive,s12,card,clean,0,16.0,3.0,2.0,0.0,0.075,0.73,7.73,4.9268125,386,4.325967876197182,54.2467199731618,112.78429999947548,,
hold0,sensitive,s12,card,clean,100,16.0,4.0,3.0,0.0,0.075,0.73,7.73,4.6268125,386,4.325967876197182,54.2467199731618,112.78429999947548,,
hold0,sensitive,s13,password,clean,0,4.0,0.0,0.0,0.0,-0.04999999999999999,0.3,4.706,2.11,235,4.354211911955413,65.64148796955116,151.80470002815127,,
hold0,sensitive,s13,password,clean,100,4.0,0.0,0.0,0.0,-0.04999999999999999,0.3,4.706,2.01,235,4.354211911955413,65.64148796955116,151.80470002815127,,
hold0,sensitive,s14,no-trigger,clean,0,6.0,3.0,3.0,1.0,0.445,0.96,4.402,1.339375,220,4.924204541814768,71.54363295296211,198.76139995176345,,
hold0,sensitive,s14,no-trigger,clean,100,6.0,4.0,4.0,1.0,0.445,0.96,4.402,1.199375,220,4.924204541814768,71.54363295296211,198.76139995176345,,
hold0,sensitive,s15,code,clean,0,6.0,1.0,1.0,1.0,0.275,0.77,4.258,1.859625,212,5.3911839616221355,70.12034604791535,178.38459997437894,,
hold0,sensitive,s15,code,clean,100,6.0,2.0,1.0,1.0,0.275,0.77,4.258,1.779625,212,5.3911839616221355,70.12034604791535,178.38459997437894,,
hold0,sensitive,s16,pin,clean,0,4.0,2.0,2.0,1.0,0.55,0.94,3.842,1.06,192,5.374132813813048,61.98238799930569,173.58139995485544,,
hold0,sensitive,s16,pin,clean,100,4.0,2.0,2.0,1.0,0.55,0.94,3.842,0.96,192,5.374132813813048,61.98238799930569,173.58139995485544,,
hold0,sensitive,s17,card,clean,0,16.0,0.0,0.0,0.0,0.07500000000000001,0.41,8.146,5.83,407,4.4320923812843,39.00214008288458,203.33689998369664,,
hold0,sensitive,s17,card,clean,100,16.0,0.0,0.0,0.0,0.07500000000000001,0.41,8.146,5.614375,407,4.4320923812843,39.00214008288458,203.33689998369664,,
hold0,sensitive,s18,password,clean,0,4.0,0.0,0.0,0.0,-0.015,0.49,4.93,2.279875,246,4.643319107921476,67.67924495507036,146.8674000352621,,
hold0,sensitive,s18,password,clean,100,4.0,1.0,0.0,0.0,-0.015,0.49,4.93,2.079875,246,4.643319107921476,67.67924495507036,146.8674000352621,,
hold0,sensitive,s19,no-trigger,clean,0,7.0,2.0,2.0,1.0,0.33,0.92,4.354,1.8298125,217,5.003401842225807,98.06936395820239,111.5476000122726,,
hold0,sensitive,s19,no-trigger,clean,100,7.0,3.0,2.0,1.0,0.33,0.92,4.354,1.6998125,217,5.003401842225807,98.06936395820239,111.5476000122726,,
hold0,sensitive,s20,code,clean,0,6.0,2.0,1.0,1.0,0.33,0.92,4.61,1.7996875,230,4.9542304351116,55.495748058892836,174.71569997724146,,
hold0,sensitive,s20,code,clean,100,6.0,2.0,2.0,1.0,0.33,0.92,4.61,1.6996875,230,4.9542304351116,55.495748058892836,174.71569997724146,,
hold0,sensitive,s21,pin,clean,0,4.0,1.0,1.0,1.0,0.405,0.83,4.194,1.44025,209,4.608457414522482,64.44430803414416,157.8056999715045,,
hold0,sensitive,s21,pin,clean,100,4.0,2.0,1.0,1.0,0.405,0.83,4.194,1.21025,209,4.608457414522482,64.44430803414416,157.8056999715045,,
hold0,sensitive,s22,card,clean,0,16.0,1.0,1.0,1.0,0.22,0.85,7.506,4.599875,375,4.3534845334167285,50.20597398513924,110.11180002242327,,
hold0,sensitive,s22,card,clean,100,16.0,2.0,1.0,1.0,0.22,0.85,7.506,4.499875,375,4.3534845334167285,50.20597398513924,110.11180002242327,,
hold0,sensitive,s23,password,clean,0,4.0,0.0,0.0,0.0,-0.375,0.18,4.034,2.12,201,5.8680582120875595,76.83089992497116,196.43569993786514,,
hold0,sensitive,s23,password,clean,100,4.0,0.0,0.0,0.0,-0.375,0.18,4.034,2.01,201,5.8680582120875595,76.83089992497116,196.43569993786514,,
hold0,sensitive,s24,no-trigger,clean,0,6.0,1.0,1.0,1.0,0.28500000000000003,0.89,3.762,1.26,188,4.8017664923966725,51.16701601888017,210.27690009213984,,
hold0,sensitive,s24,no-trigger,clean,100,6.0,2.0,2.0,1.0,0.28500000000000003,0.89,3.762,1.16,188,4.8017664923966725,51.16701601888017,210.27690009213984,,
hold0,sensitive,s25,code,clean,0,5.0,3.0,2.0,1.0,0.55,1.18,4.274,0.848625,213,4.82264976618383,59.16169999167322,149.34180001728237,,
hold0,sensitive,s25,code,clean,100,5.0,4.0,3.0,1.0,0.55,1.18,4.274,0.748625,213,4.82264976618383,59.16169999167322,149.34180001728237,,
hold0,sensitive,s26,pin,clean,0,4.0,0.0,0.0,0.0,-0.19999999999999998,0.28,3.586,1.96,179,5.9009944127778935,81.0695479530841,120.80209993291646,,
hold0,sensitive,s26,pin,clean,100,4.0,0.0,0.0,0.0,-0.19999999999999998,0.28,3.586,1.86,179,5.9009944127778935,81.0695479530841,120.80209993291646,,
hold0,sensitive,s27,card,clean,0,16.0,1.0,1.0,0.0,0.15,0.31,8.002,4.82,400,4.485415499366354,53.79150196327824,136.66980003472418,,
hold0,sensitive,s27,card,clean,100,16.0,1.0,1.0,0.0,0.15,0.31,8.002,4.69,400,4.485415499366354,53.79150196327824,136.66980003472418,,
hold0,sensitive,s28,password,clean,0,4.0,0.0,0.0,0.0,-0.10499999999999998,0.16,4.898,2.3799375,244,4.934497540683074,70.35463997279291,145.45479998923838,,
hold0,sensitive,s28,password,clean,100,4.0,0.0,0.0,0.0,-0.10499999999999998,0.16,4.898,2.2799375,244,4.934497540683074,70.35463997279291,145.45479998923838,,
hold0,sensitive,s29,no-trigger,clean,0,8.0,3.0,3.0,1.0,0.22,0.51,4.338,1.63975,216,5.874477314473888,65.88476499891834,127.76000006124377,,
hold0,sensitive,s29,no-trigger,clean,100,8.0,4.0,4.0,1.0,0.22,0.51,4.338,1.53975,216,5.874477314473888,65.88476499891834,127.76000006124377,,
hold0,sensitive,s30,code,clean,0,6.0,0.0,0.0,0.0,0.12000000000000001,0.3,5.522,3.75,276,5.015242392234369,55.78722502104938,187.54630000330508,,
hold0,sensitive,s30,code,clean,100,6.0,1.0,0.0,0.0,0.12000000000000001,0.3,5.522,3.39,276,5.015242392234369,55.78722502104938,187.54630000330508,,
hold0,sensitive,s31,pin,clean,0,4.0,3.0,1.0,1.0,0.49,0.85,3.65,0.6666875,182,5.004021981961329,76.6376179968937,170.846400083974,,
hold0,sensitive,s31,pin,clean,100,4.0,3.0,2.0,1.0,0.49,0.85,3.65,0.5666875,182,5.004021981961329,76.6376179968937,170.846400083974,,
hold0,sensitive,s32,card,clean,0,16.0,1.0,0.0,0.0,0.06,0.43,8.818,6.4694375,440,4.40536954741798,45.250232053222135,114.34259999077767,,
hold0,sensitive,s32,card,clean,100,16.0,2.0,1.0,0.0,0.06,0.43,8.818,6.119375,440,4.40536954741798,45.250232053222135,114.34259999077767,,
hold0,sensitive,s33,password,clean,0,4.0,0.0,0.0,0.0,-0.51,0.12,4.738,2.24,236,5.248371187116067,81.17141000693685,235.6409999774769,,
hold0,sensitive,s33,password,clean,100,4.0,0.0,0.0,0.0,-0.51,0.12,4.738,2.14,236,5.248371187116067,81.17141000693685,235.6409999774769,,
hold0,sensitive,s34,no-trigger,clean,0,7.0,2.0,1.0,1.0,0.26,0.92,4.674,2.0995,233,5.300093561614756,74.91468796040891,217.7071999758482,,
hold0,sensitive,s34,no-trigger,clean,100,7.0,4.0,3.0,1.0,0.26,0.92,4.674,1.7995,233,5.300093561614756,74.91468796040891,217.7071999758482,,
hold0,sensitive,s35,code,clean,0,4.0,2.0,1.0,1.0,0.5,0.95,3.826,1.26,191,4.975116753789806,93.67892991285751,125.07900001946837,,
hold0,sensitive,s35,code,clean,100,4.0,2.0,2.0,1.0,0.5,0.95,3.826,1.16,191,4.975116753789806,93.67892991285751,125.07900001946837,,
hold0,sensitive,s36,pin,clean,0,4.0,2.0,1.0,1.0,0.425,0.86,3.922,1.3996875,196,5.588769897870834,69.66832996113291,195.04939997568727,,
hold0,sensitive,s36,pin,clean,100,4.0,2.0,2.0,1.0,0.425,0.86,3.922,1.259625,196,5.588769897870834,69.66832996113291,195.04939997568727,,
hold0,sensitive,s37,card,clean,0,16.0,0.0,0.0,0.0,0.085,0.35,8.258,5.8495625,412,4.328129368888449,49.97816897463035,116.08599999453872,,
hold0,sensitive,s37,card,clean,100,16.0,0.0,0.0,0.0,0.085,0.35,8.258,5.729125,412,4.328129368888449,49.97816897463035,116.08599999453872,,
hold0,sensitive,s38,password,clean,0,4.0,0.0,0.0,0.0,-0.12499999999999999,0.18,4.642,2.44,232,5.289107327779016,46.19202397647314,209.19700001832098,,
hold0,sensitive,s38,password,clean,100,4.0,0.0,0.0,0.0,-0.12499999999999999,0.18,4.642,2.29975,232,5.289107327779016,46.19202397647314,209.19700001832098,,
hold0,sensitive,s39,no-trigger,clean,0,7.0,1.0,1.0,1.0,0.36,0.82,4.354,2.2898125,217,5.075288020731015,77.81395199242979,109.31730002630502,,
hold0,sensitive,s39,no-trigger,clean,100,7.0,3.0,1.0,1.0,0.36,0.82,4.354,2.0898125,217,5.075288020731015,77.81395199242979,109.31730002630502,,
hold0,innocent-out,tts:0,tts,clean,0,,,,,,,2.882,0.0,144,5.848559026263603,139.00528999161878,166.11220000777394,0.0,0.0
hold0,innocent-out,tts:1,tts,clean,0,,,,,,,3.762,0.0,188,4.989129254604353,71.43920193775553,116.02309998124838,0.0,0.0
hold0,innocent-out,tts:2,tts,clean,0,,,,,,,3.314,0.0,165,4.8501248471438885,79.6900440473108,121.2202999740839,0.0,0.0
hold0,innocent-out,tts:3,tts,clean,0,,,,,,,3.17,0.0,158,4.531108861187874,91.67567297234226,114.80380001012236,0.0,0.0
hold0,innocent-out,tts:4,tts,clean,0,,,,,,,3.042,0.0,152,5.923882240159927,93.81163903512143,263.19860003422946,0.0,0.0
hold0,innocent-out,tts:5,tts,clean,0,,,,,,,3.666,0.47,183,5.335310383068774,74.48010606458449,233.9335000142455,0.0,1.0
hold0,innocent-out,tts:6,tts,clean,0,,,,,,,4.162,0.59,208,4.541115866651615,42.37764294259252,229.43159996066242,0.0,1.0
hold0,innocent-out,tts:7,tts,clean,0,,,,,,,3.57,0.46,178,4.700603930860381,64.75572997471245,208.6933000246063,0.0,1.0
hold0,innocent-out,tts:8,tts,clean,0,,,,,,,3.57,0.0,178,5.393440450614925,70.67084906157102,118.7766999937594,0.0,0.0
hold0,innocent-out,tts:9,tts,clean,0,,,,,,,2.962,0.0,148,5.596764187479542,95.06519001442945,121.19819992221892,0.0,0.0
hold0,innocent-out,tts:10,tts,clean,0,,,,,,,3.826,0.0,191,5.176787955822979,49.97038001893037,265.9801999107003,0.0,0.0
hold0,innocent-out,tts:11,tts,clean,0,,,,,,,3.682,0.0,184,5.077964671806472,88.54876699973813,123.00519994460046,0.0,0.0
hold0,innocent-out,tts:12,tts,clean,0,,,,,,,3.682,0.0,184,4.431864675691189,74.42379290121539,122.26530001498759,0.0,0.0
hold0,innocent-out,tts:13,tts,clean,0,,,,,,,3.554,0.3699375,177,5.469266102270429,81.09904002398275,117.52770002931356,0.0,1.0
hold0,innocent-out,tts:14,tts,clean,0,,,,,,,3.794,0.0,189,4.993271431269705,57.9486520262438,215.7616000622511,0.0,0.0
hold0,innocent-out,tts:15,tts,clean,0,,,,,,,3.57,0.0,178,5.034556177449988,71.1913380993058,209.7279999870807,0.0,0.0
hold0,innocent-out,tts:16,tts,clean,0,,,,,,,3.634,0.8398125,181,5.963490611503096,83.1068400060753,166.7042999761179,0.0,2.0
hold0,innocent-out,tts:17,tts,clean,0,,,,,,,3.378,0.4499375,168,7.87070059145446,139.42630298086524,340.542700025253,0.0,1.0
hold0,innocent-out,tts:18,tts,clean,0,,,,,,,3.81,0.63,190,7.976178419286091,135.46815504436307,197.99989997409284,0.0,1.0
hold0,innocent-out,tts:19,tts,clean,0,,,,,,,2.962,0.39,148,7.4497114849666985,135.35857893526565,255.43759996071458,0.0,1.0
hold0,innocent-out,ls:1487,ls,clean,0,,,,,,,15.93,0.0,796,5.678320477012282,48.426734982058385,264.29179997649044,0.0,0.0
hold0,innocent-out,ls:5876,ls,clean,0,,,,,,,6.42,0.0,321,7.844245795674065,73.39085999410601,241.32759997155517,0.0,0.0
hold0,innocent-out,ls:7926,ls,clean,0,,,,,,,11.79,0.0,589,6.81411782860699,53.4853080380708,205.8533999370411,0.0,0.0
hold0,innocent-out,ls:4992,ls,clean,0,,,,,,,8.965,0.0,448,6.600926783773632,51.856057038530416,267.87559990771115,0.0,0.0
hold0,innocent-out,ls:2577,ls,clean,0,,,,,,,12.045,0.0,602,7.052249337029814,65.04138491349302,277.40190003532916,0.0,0.0
hold0,innocent-out,ls:636,ls,clean,0,,,,,,,14.815,0.0,740,6.130905406285279,46.99594001169325,271.56680007465184,0.0,0.0
hold0,innocent-out,ls:6497,ls,clean,0,,,,,,,14.07,0.0,703,6.1693901855533,43.74994400423022,246.14269996527582,0.0,0.0
hold0,innocent-out,ls:1607,ls,clean,0,,,,,,,14.295,0.0,714,6.251089638314296,65.01476001343696,200.910700019449,0.0,0.0
hold0,innocent-out,ls:6235,ls,clean,0,,,,,,,12.28,0.0,614,6.075830617085318,49.74661804270001,200.20399999339134,0.0,0.0
hold0,innocent-out,ls:7445,ls,clean,0,,,,,,,11.92,0.0,596,6.161470134740996,54.31642498588184,222.1548999659717,0.0,0.0
hold0,innocent-out,ls:1462,ls,clean,0,,,,,,,4.19,0.0,209,8.098571293354569,93.68278808426095,226.87769995536655,0.0,0.0
hold0,innocent-out,ls:6313,ls,clean,0,,,,,,,5.425,0.0,271,7.489124354665817,56.965839990880404,236.98919999878854,0.0,0.0
hold0,innocent-out,ls:718,ls,clean,0,,,,,,,16.035,0.0,801,5.6868867674544825,48.554199980571866,175.10439991019666,0.0,0.0
hold0,innocent-out,ls:225,ls,clean,0,,,,,,,9.795,0.0,489,5.525894274512317,53.58034798409795,222.38789999391884,0.0,0.0
hold0,innocent-out,ls:3914,ls,clean,0,,,,,,,15.57,0.0,778,5.550421721416892,46.760902046226,278.27270003035665,0.0,0.0
hold0,innocent-out,ls:1472,ls,clean,0,,,,,,,15.135,0.0,756,5.76595872811229,49.90701999631737,253.93150001764297,0.0,0.0
hold0,innocent-out,ls:1571,ls,clean,0,,,,,,,14.025,0.0,701,5.602518543627608,56.05840007774532,184.82540000695735,0.0,0.0
hold0,innocent-out,ls:6300,ls,clean,0,,,,,,,16.56,0.0,828,4.165306280042014,43.49951204494581,288.4260999271646,0.0,0.0
hold0,innocent-out,ls:1849,ls,clean,0,,,,,,,14.34,0.0,717,5.81134616324582,56.27857594750842,262.9707999294624,0.0,0.0
hold0,innocent-out,ls:549,ls,clean,0,,,,,,,11.995,0.0,599,5.835053922790406,50.204342007636974,204.19129997026175,0.0,0.0
hold0,innocent-out,ls:64,ls,clean,0,,,,,,,8.055,0.0,402,6.913386070139391,64.75514097488491,225.8121999911964,0.0,0.0
hold0,innocent-out,ls:251,ls,clean,0,,,,,,,5.45,0.0,272,7.142236395071343,72.65585093991832,276.1020999168977,0.0,0.0
hold0,innocent-out,ls:251,ls,clean,0,,,,,,,6.965,0.0,348,6.595205459088065,58.80851993337269,272.6197999436408,0.0,0.0
hold0,innocent-out,ls:2035,ls,clean,0,,,,,,,7.855,0.0,392,6.8937609713448555,54.13277899147926,232.733300072141,0.0,0.0
hold0,innocent-out,ls:451,ls,clean,0,,,,,,,14.185,0.0,709,6.283860648056159,42.73151595145458,274.8604998923838,0.0,0.0
hold0,innocent-out,ls:1913,ls,clean,0,,,,,,,13.49,0.0,674,6.205783235268441,64.15531006641683,199.33119998313487,0.0,0.0
hold0,innocent-out,ls:7752,ls,clean,0,,,,,,,11.025,0.0,551,5.973749180719892,64.41645004088059,223.7817000132054,0.0,0.0
hold0,innocent-out,ls:4446,ls,clean,0,,,,,,,5.05,0.0,252,7.27941468450433,88.30175698385582,274.0627999883145,0.0,0.0
hold0,innocent-out,ls:16,ls,clean,0,,,,,,,12.39,0.0,619,6.462187399622805,49.053372044582,248.2855999842286,0.0,0.0
hold0,innocent-out,ls:7525,ls,clean,0,,,,,,,12.745,0.0,637,6.376526216147365,57.72727599367491,232.23580000922084,0.0,0.0
hold0,innocent-out,ls:6458,ls,clean,0,,,,,,,5.02,1.0080625,251,7.206222710785905,78.19000002928078,186.2537000561133,0.0,2.0
hold0,innocent-out,ls:3729,ls,clean,0,,,,,,,5.71,0.0,285,6.436461050128727,71.09028798062361,242.093599983491,0.0,0.0
hold0,innocent-out,ls:4064,ls,clean,0,,,,,,,7.475,0.0,373,6.36614638258361,60.84771599154901,191.08510005753487,0.0,0.0
hold0,innocent-out,ls:6098,ls,clean,0,,,,,,,15.605,0.0,780,5.114077306979407,56.720074012409896,199.13969992194325,0.0,0.0
hold0,innocent-out,ls:408,ls,clean,0,,,,,,,15.51,0.0,775,5.328140516104477,51.602792001794995,267.25800009444356,0.0,0.0
hold0,innocent-out,ls:7484,ls,clean,0,,,,,,,14.31,0.0,715,5.7311623761026596,53.12140996102246,259.9919999483973,0.0,0.0
hold0,innocent-out,ls:6188,ls,clean,0,,,,,,,14.74,0.0,737,5.795068248444245,51.03708402719349,220.07269994355738,0.0,0.0
hold0,innocent-out,ls:8347,ls,clean,0,,,,,,,13.22,0.0,661,5.652983511414846,51.61224000621585,211.16319997236133,0.0,0.0
hold0,innocent-out,ls:4731,ls,clean,0,,,,,,,15.985,0.0,799,5.891223403844325,49.311775944661335,275.61650006100535,0.0,0.0
hold0,innocent-out,ls:2570,ls,clean,0,,,,,,,11.465,0.0,573,5.70032390705708,45.09901205077766,242.31450003571808,0.0,0.0
default,innocent-in,tts:0,tts,clean,0,,,,,,,2.882,0.0,144,6.957787505396279,147.21648598904633,239.22550003044307,0.0,0.0
default,innocent-in,tts:1,tts,clean,0,,,,,,,3.762,0.0,188,7.254395211001541,105.07758006919168,167.6035999553278,0.0,0.0
default,innocent-in,tts:2,tts,clean,0,,,,,,,3.314,0.0,165,7.105984849939969,120.38564004935286,167.93780005536973,0.0,0.0
default,innocent-in,tts:3,tts,clean,0,,,,,,,3.17,0.0,158,6.348923422673222,124.37818801379791,169.71360007300973,0.0,0.0
default,innocent-in,tts:4,tts,clean,0,,,,,,,3.042,0.0,152,7.442147369147278,112.51411107485269,285.4843999957666,0.0,0.0
default,innocent-in,tts:5,tts,clean,0,,,,,,,3.666,0.0,183,6.996069399924959,98.53071399265957,177.57369996979833,0.0,0.0
default,innocent-in,tts:6,tts,clean,0,,,,,,,4.162,0.0,208,6.573162985240253,62.955946061993046,304.0844000643119,0.0,0.0
default,innocent-in,tts:7,tts,clean,0,,,,,,,3.57,0.0,178,6.689015732753729,136.76885003922473,176.30180006381124,0.0,0.0
default,innocent-in,tts:8,tts,clean,0,,,,,,,3.57,0.0,178,7.8837724724324065,129.123472963692,322.59989995509386,0.0,0.0
default,innocent-in,tts:9,tts,clean,0,,,,,,,2.962,0.0,148,7.739767569079492,132.2156630083919,174.93360000662506,0.0,0.0
default,innocent-in,tts:10,tts,clean,0,,,,,,,3.826,0.0,191,6.618775916773417,71.45583004457812,289.2330000177026,0.0,0.0
default,innocent-in,tts:11,tts,clean,0,,,,,,,3.682,0.0,184,6.7802951108087255,126.34239597711702,150.76530002988875,0.0,0.0
default,innocent-in,tts:12,tts,clean,0,,,,,,,3.682,0.0,184,6.144926633366951,108.48258704063392,179.93430001661181,0.0,0.0
default,innocent-in,tts:13,tts,clean,0,,,,,,,3.554,0.0,177,7.603540677198414,98.9571159332995,185.83329999819398,0.0,0.0
default,innocent-in,tts:14,tts,clean,0,,,,,,,3.794,0.0,189,7.2871703714891165,84.97688799630896,326.55809994321316,0.0,0.0
default,innocent-in,tts:15,tts,clean,0,,,,,,,3.57,0.0,178,6.8972134816177775,99.82698296429567,172.68449999392033,0.0,0.0
default,innocent-in,tts:16,tts,clean,0,,,,,,,3.634,0.0,181,7.391729835904517,114.76483992300852,265.3701000381261,0.0,0.0
default,innocent-in,tts:17,tts,clean,0,,,,,,,3.378,0.0,168,6.804113692071821,108.05977398995428,325.1687999581918,0.0,0.0
default,innocent-in,tts:18,tts,clean,0,,,,,,,3.81,0.0,190,6.505800520780643,99.86720202607026,166.6957000270486,0.0,0.0
default,innocent-in,tts:19,tts,clean,0,,,,,,,2.962,0.0,148,7.878914863229855,126.68555196258248,274.4990000501275,0.0,0.0
default,innocent-in,ls:1487,ls,clean,0,,,,,,,15.93,0.0,796,7.002014447127623,54.20280504040391,316.1563000176102,0.0,0.0
default,innocent-in,ls:5876,ls,clean,0,,,,,,,6.42,0.0,321,9.533847036635114,110.81458001863214,251.6272000502795,0.0,0.0
default,innocent-in,ls:7926,ls,clean,0,,,,,,,11.79,0.0,589,6.810581495001887,52.054456034675276,293.3644000440836,0.0,0.0
default,innocent-in,ls:4992,ls,clean,0,,,,,,,8.965,0.0,448,6.451779015281188,60.03006597864439,257.20749993342906,0.0,0.0
default,innocent-in,ls:2577,ls,clean,0,,,,,,,12.045,0.0,602,6.512876247687024,59.472843033727266,294.9288000818342,0.0,0.0
default,innocent-in,ls:636,ls,clean,0,,,,,,,14.815,0.0,740,6.1799262161052,52.006512072403,258.3474999992177,0.0,0.0
default,innocent-in,ls:6497,ls,clean,0,,,,,,,14.07,0.0,703,6.557379517065703,52.92469596024608,250.59339997824281,0.0,0.0
default,innocent-in,ls:1607,ls,clean,0,,,,,,,14.295,0.0,714,6.299999158885539,50.54264496895486,196.03419990744442,0.0,0.0
default,innocent-in,ls:6235,ls,clean,0,,,,,,,12.28,0.0,614,6.444395439970801,56.756871028337635,210.05879994481802,0.0,0.0
default,innocent-in,ls:7445,ls,clean,0,,,,,,,11.92,0.0,596,6.330025333703352,52.804244920843985,247.49620002694428,0.0,0.0
default,innocent-in,ls:1462,ls,clean,0,,,,,,,4.19,0.0,209,9.447834926265243,107.07832804881004,279.96370010077953,0.0,0.0
default,innocent-in,ls:6313,ls,clean,0,,,,,,,5.425,0.0,271,8.097046862933716,60.93824995914475,266.0238000098616,0.0,0.0
default,innocent-in,ls:718,ls,clean,0,,,,,,,16.035,0.0,801,6.031097004773763,53.63690003287047,158.50160003174096,0.0,0.0
default,innocent-in,ls:225,ls,clean,0,,,,,,,9.795,0.0,489,6.002158899782016,58.93012399319563,258.66610009688884,0.0,0.0
default,innocent-in,ls:3914,ls,clean,0,,,,,,,15.57,0.0,778,5.755883549216771,47.41054603131488,278.0062999809161,0.0,0.0
default,innocent-in,ls:1472,ls,clean,0,,,,,,,15.135,0.0,756,5.995435713822387,53.25629501603548,258.8892999337986,0.0,0.0
default,innocent-in,ls:1571,ls,clean,0,,,,,,,14.025,0.0,701,5.553303709248355,58.84970002807677,226.35710006579757,0.0,0.0
default,innocent-in,ls:6300,ls,clean,0,,,,,,,16.56,0.0,828,4.412572344164431,45.72345007676633,298.2497999910265,0.0,0.0
default,innocent-in,ls:1849,ls,clean,0,,,,,,,14.34,0.0,717,6.039176569443659,59.2123040137818,254.2759000789374,0.0,0.0
default,innocent-in,ls:549,ls,clean,0,,,,,,,11.995,0.0,599,5.987144406894237,48.404835998080614,208.50720000453293,0.0,0.0
default,innocent-in,ls:64,ls,clean,0,,,,,,,8.055,0.0,402,6.744799501869586,67.91172803496013,202.8193000005558,0.0,0.0
default,innocent-in,ls:251,ls,clean,0,,,,,,,5.45,0.0,272,7.124738602108075,76.26526397885759,290.71030009072274,0.0,0.0
default,innocent-in,ls:251,ls,clean,0,,,,,,,6.965,0.0,348,6.576147988898915,59.33287599123978,267.577400081791,0.0,0.0
default,innocent-in,ls:2035,ls,clean,0,,,,,,,7.855,0.0,392,7.0957535725177205,61.20826802682113,248.73250001110137,0.0,0.0
default,innocent-in,ls:451,ls,clean,0,,,,,,,14.185,0.0,709,6.332332300703988,43.5270999837666,291.65539995301515,0.0,0.0
default,innocent-in,ls:1913,ls,clean,0,,,,,,,13.49,0.0,674,6.376637684600013,67.30189900961699,192.30390002485365,0.0,0.0
default,innocent-in,ls:7752,ls,clean,0,,,,,,,11.025,0.0,551,5.796148818444305,57.5779999489896,214.1744999680668,0.0,0.0
default,innocent-in,ls:4446,ls,clean,0,,,,,,,5.05,0.0,252,6.987912299033876,88.02290698164167,276.23739989940077,0.0,0.0
default,innocent-in,ls:16,ls,clean,0,,,,,,,12.39,0.0,619,5.747283037235849,45.10047399904588,211.50900004431605,0.0,0.0
default,innocent-in,ls:7525,ls,clean,0,,,,,,,12.745,0.0,637,6.074970485744895,45.8871720032766,176.36569996830076,0.0,0.0
default,innocent-in,ls:6458,ls,clean,0,,,,,,,5.02,0.0,251,7.024594820549793,74.57485003396869,190.9516000887379,0.0,0.0
default,innocent-in,ls:3729,ls,clean,0,,,,,,,5.71,0.0,285,6.305813679487951,69.70151594374339,231.21320002246648,0.0,0.0
default,innocent-in,ls:4064,ls,clean,0,,,,,,,7.475,0.0,373,6.365117964324798,62.11566397920194,205.15519997570664,0.0,0.0
default,innocent-in,ls:6098,ls,clean,0,,,,,,,15.605,0.0,780,5.274767434905068,54.60553094744684,193.8293999992311,0.0,0.0
default,innocent-in,ls:408,ls,clean,0,,,,,,,15.51,0.0,775,4.7873978080949,49.06577198533337,182.02970002312213,0.0,0.0
default,innocent-in,ls:7484,ls,clean,0,,,,,,,14.31,0.0,715,5.495553704831828,47.809561963658794,271.09260007273406,0.0,0.0
default,innocent-in,ls:6188,ls,clean,0,,,,,,,14.74,0.0,737,5.564544368547917,50.94980803318321,208.16129993181676,0.0,0.0
default,innocent-in,ls:8347,ls,clean,0,,,,,,,13.22,0.0,661,5.298130711401093,48.75452001579102,205.13659995049238,0.0,0.0
default,innocent-in,ls:4731,ls,clean,0,,,,,,,15.985,0.0,799,5.813939049717584,48.62962599145246,250.40339992847294,0.0,0.0
default,innocent-in,ls:2570,ls,clean,0,,,,,,,11.465,0.0,573,5.783745373947055,53.135460028424795,233.99330000393093,0.0,0.0
default,innocent-req,req:0,req,clean,0,,,,,,,4.818,0.0,240,6.108286664433156,73.61037898343055,139.0176999848336,5.0,0.0
default,innocent-req,req:1,req,clean,0,,,,,,,3.218,0.0,160,7.114270000602119,111.05118100065704,266.51689992286265,1.0,0.0
default,innocent-req,req:2,req,clean,0,,,,,,,3.618,0.0,180,6.119766665182801,94.87240393296817,154.75290000904351,4.0,0.0
default,innocent-req,req:3,req,clean,0,,,,,,,3.698,0.0,184,6.972985870442758,97.70605805446311,197.90090003516525,2.0,0.0
default,innocent-req,req:4,req,clean,0,,,,,,,3.33,0.0,166,6.648939756497023,141.92649501492247,196.99109997600317,1.0,0.0
default,innocent-req,req:5,req,clean,0,,,,,,,3.41,0.0,170,6.806069409118637,112.54714495036768,220.6955999135971,2.0,0.0
default,innocent-req,req:6,req,clean,0,,,,,,,4.082,0.0,204,6.562862745554679,86.76148500177075,295.06329994183034,2.0,0.0
default,innocent-req,req:7,req,clean,0,,,,,,,3.618,0.0,180,7.021573884412646,104.98787296586727,303.71939996257424,0.0,0.0
