level,attacker,shield,onset,n,top1,top1_lo,top1_hi,top3,top3_lo,top3_hi,onset_found,stoi_shield_vs_mix,pesq_shield_vs_mix,stoi_mix_vs_speech,pesq_mix_vs_speech,stoi_shield_vs_speech,pesq_shield_vs_speech,stoi_shield14_vs_mix,pesq_shield14_vs_mix
keys only,clean,off,oracle,360,0.6806,0.6307,0.7266,0.9000,0.8647,0.9269,1.0000,,,,,,,,
keys only,clean,off,detected,360,0.6056,0.5542,0.6547,0.8444,0.8034,0.8782,0.9889,,,,,,,,
keys only,clean,on,oracle,360,0.0833,0.0590,0.1165,0.1889,0.1518,0.2325,1.0000,,,,,,,,
keys only,clean,on,detected,360,0.0722,0.0498,0.1037,0.1639,0.1292,0.2056,0.9889,,,,,,,,
keys only,clean,on14,oracle,360,0.1306,0.0996,0.1693,0.3194,0.2734,0.3693,1.0000,,,,,,,,
keys only,clean,on14,detected,360,0.1250,0.0947,0.1632,0.2889,0.2445,0.3377,0.9889,,,,,,,,
keys only,speech-aug,off,oracle,360,0.5361,0.4845,0.5870,0.8528,0.8125,0.8857,1.0000,,,,,,,,
keys only,speech-aug,off,detected,360,0.4750,0.4240,0.5266,0.7861,0.7408,0.8253,0.9889,,,,,,,,
keys only,speech-aug,on,oracle,360,0.1083,0.0803,0.1447,0.2583,0.2158,0.3059,1.0000,,,,,,,,
keys only,speech-aug,on,detected,360,0.1139,0.0851,0.1509,0.2444,0.2029,0.2914,0.9889,,,,,,,,
keys only,speech-aug,on14,oracle,360,0.1694,0.1342,0.2116,0.3722,0.3239,0.4233,1.0000,,,,,,,,
keys only,speech-aug,on14,detected,360,0.1500,0.1168,0.1906,0.3583,0.3105,0.4091,0.9889,,,,,,,,
-10 dB,clean,off,oracle,360,0.0556,0.0362,0.0842,0.1556,0.1218,0.1966,1.0000,0.8724,1.9350,0.9525,1.4521,0.8925,2.1678,,
-10 dB,clean,off,detected,360,0.0444,0.0275,0.0710,0.1167,0.0875,0.1539,0.7611,0.8724,1.9350,0.9525,1.4521,0.8925,2.1678,,
-10 dB,clean,on,oracle,360,0.0361,0.0212,0.0608,0.1139,0.0851,0.1509,1.0000,0.8724,1.9350,0.9525,1.4521,0.8925,2.1678,,
-10 dB,clean,on,detected,360,0.0250,0.0132,0.0468,0.0583,0.0385,0.0875,0.5944,0.8724,1.9350,0.9525,1.4521,0.8925,2.1678,,
-10 dB,speech-aug,off,oracle,360,0.3000,0.2550,0.3492,0.5667,0.5150,0.6169,1.0000,0.8724,1.9350,0.9525,1.4521,0.8925,2.1678,,
-10 dB,speech-aug,off,detected,360,0.1583,0.1243,0.1996,0.3500,0.3025,0.4006,0.7611,0.8724,1.9350,0.9525,1.4521,0.8925,2.1678,,
-10 dB,speech-aug,on,oracle,360,0.1056,0.0779,0.1416,0.2278,0.1875,0.2738,1.0000,0.8724,1.9350,0.9525,1.4521,0.8925,2.1678,,
-10 dB,speech-aug,on,detected,360,0.0250,0.0132,0.0468,0.1139,0.0851,0.1509,0.5944,0.8724,1.9350,0.9525,1.4521,0.8925,2.1678,,
-5 dB,clean,off,oracle,360,0.0472,0.0297,0.0743,0.1333,0.1021,0.1723,1.0000,0.8822,2.2433,0.9674,1.7034,0.8962,2.3945,,
-5 dB,clean,off,detected,360,0.0361,0.0212,0.0608,0.0944,0.0684,0.1291,0.6861,0.8822,2.2433,0.9674,1.7034,0.8962,2.3945,,
-5 dB,clean,on,oracle,360,0.0361,0.0212,0.0608,0.1083,0.0803,0.1447,1.0000,0.8822,2.2433,0.9674,1.7034,0.8962,2.3945,,
-5 dB,clean,on,detected,360,0.0194,0.0094,0.0396,0.0556,0.0362,0.0842,0.5333,0.8822,2.2433,0.9674,1.7034,0.8962,2.3945,,
-5 dB,speech-aug,off,oracle,360,0.2639,0.2210,0.3117,0.5333,0.4817,0.5842,1.0000,0.8822,2.2433,0.9674,1.7034,0.8962,2.3945,,
-5 dB,speech-aug,off,detected,360,0.1417,0.1094,0.1815,0.3000,0.2550,0.3492,0.6861,0.8822,2.2433,0.9674,1.7034,0.8962,2.3945,,
-5 dB,speech-aug,on,oracle,360,0.1000,0.0731,0.1353,0.2333,0.1926,0.2797,1.0000,0.8822,2.2433,0.9674,1.7034,0.8962,2.3945,,
-5 dB,speech-aug,on,detected,360,0.0250,0.0132,0.0468,0.1000,0.0731,0.1353,0.5333,0.8822,2.2433,0.9674,1.7034,0.8962,2.3945,,
+0 dB,clean,off,oracle,360,0.0417,0.0254,0.0676,0.1111,0.0827,0.1478,1.0000,0.8889,2.5111,0.9787,1.9908,0.8983,2.5768,,
+0 dB,clean,off,detected,360,0.0250,0.0132,0.0468,0.0750,0.0521,0.1069,0.6111,0.8889,2.5111,0.9787,1.9908,0.8983,2.5768,,
+0 dB,clean,on,oracle,360,0.0361,0.0212,0.0608,0.1000,0.0731,0.1353,1.0000,0.8889,2.5111,0.9787,1.9908,0.8983,2.5768,,
+0 dB,clean,on,detected,360,0.0167,0.0077,0.0359,0.0472,0.0297,0.0743,0.4611,0.8889,2.5111,0.9787,1.9908,0.8983,2.5768,,
+0 dB,speech-aug,off,oracle,360,0.2222,0.1823,0.2680,0.4861,0.4349,0.5376,1.0000,0.8889,2.5111,0.9787,1.9908,0.8983,2.5768,,
+0 dB,speech-aug,off,detected,360,0.1028,0.0755,0.1385,0.2472,0.2055,0.2943,0.6111,0.8889,2.5111,0.9787,1.9908,0.8983,2.5768,,
+0 dB,speech-aug,on,oracle,360,0.0833,0.0590,0.1165,0.2111,0.1721,0.2562,1.0000,0.8889,2.5111,0.9787,1.9908,0.8983,2.5768,,
+0 dB,speech-aug,on,detected,360,0.0222,0.0113,0.0432,0.0861,0.0613,0.1196,0.4611,0.8889,2.5111,0.9787,1.9908,0.8983,2.5768,,
+5 dB,clean,off,oracle,360,0.0417,0.0254,0.0676,0.1000,0.0731,0.1353,1.0000,0.8938,2.6730,0.9867,2.5192,0.8996,2.7601,,
+5 dB,clean,off,detected,360,0.0167,0.0077,0.0359,0.0639,0.0429,0.0940,0.5500,0.8938,2.6730,0.9867,2.5192,0.8996,2.7601,,
+5 dB,clean,on,oracle,360,0.0333,0.0192,0.0574,0.1000,0.0731,0.1353,1.0000,0.8938,2.6730,0.9867,2.5192,0.8996,2.7601,,
+5 dB,clean,on,detected,360,0.0167,0.0077,0.0359,0.0417,0.0254,0.0676,0.4306,0.8938,2.6730,0.9867,2.5192,0.8996,2.7601,,
+5 dB,speech-aug,off,oracle,360,0.1972,0.1594,0.2414,0.4250,0.3750,0.4766,1.0000,0.8938,2.6730,0.9867,2.5192,0.8996,2.7601,,
+5 dB,speech-aug,off,detected,360,0.0611,0.0407,0.0908,0.1611,0.1267,0.2026,0.5500,0.8938,2.6730,0.9867,2.5192,0.8996,2.7601,,
+5 dB,speech-aug,on,oracle,360,0.0694,0.0475,0.1005,0.2111,0.1721,0.2562,1.0000,0.8938,2.6730,0.9867,2.5192,0.8996,2.7601,,
+5 dB,speech-aug,on,detected,360,0.0278,0.0152,0.0504,0.0667,0.0452,0.0973,0.4306,0.8938,2.6730,0.9867,2.5192,0.8996,2.7601,,
+10 dB,clean,off,oracle,360,0.0333,0.0192,0.0574,0.0917,0.0660,0.1259,1.0000,0.8967,2.8596,0.9919,3.1105,0.9005,2.9033,0.9343,3.3258
+10 dB,clean,off,detected,360,0.0139,0.0059,0.0321,0.0556,0.0362,0.0842,0.4944,0.8967,2.8596,0.9919,3.1105,0.9005,2.9033,0.9343,3.3258
+10 dB,clean,on,oracle,360,0.0333,0.0192,0.0574,0.0972,0.0707,0.1322,1.0000,0.8967,2.8596,0.9919,3.1105,0.9005,2.9033,0.9343,3.3258
+10 dB,clean,on,detected,360,0.0139,0.0059,0.0321,0.0417,0.0254,0.0676,0.4000,0.8967,2.8596,0.9919,3.1105,0.9005,2.9033,0.9343,3.3258
+10 dB,clean,on14,oracle,360,0.0361,0.0212,0.0608,0.1056,0.0779,0.1416,1.0000,0.8967,2.8596,0.9919,3.1105,0.9005,2.9033,0.9343,3.3258
+10 dB,clean,on14,detected,360,0.0167,0.0077,0.0359,0.0417,0.0254,0.0676,0.3639,0.8967,2.8596,0.9919,3.1105,0.9005,2.9033,0.9343,3.3258
+10 dB,speech-aug,off,oracle,360,0.1583,0.1243,0.1996,0.3444,0.2972,0.3949,1.0000,0.8967,2.8596,0.9919,3.1105,0.9005,2.9033,0.9343,3.3258
+10 dB,speech-aug,off,detected,360,0.0583,0.0385,0.0875,0.1306,0.0996,0.1693,0.4944,0.8967,2.8596,0.9919,3.1105,0.9005,2.9033,0.9343,3.3258
+10 dB,speech-aug,on,oracle,360,0.0583,0.0385,0.0875,0.1972,0.1594,0.2414,1.0000,0.8967,2.8596,0.9919,3.1105,0.9005,2.9033,0.9343,3.3258
+10 dB,speech-aug,on,detected,360,0.0250,0.0132,0.0468,0.0611,0.0407,0.0908,0.4000,0.8967,2.8596,0.9919,3.1105,0.9005,2.9033,0.9343,3.3258
+10 dB,speech-aug,on14,oracle,360,0.0583,0.0385,0.0875,0.1972,0.1594,0.2414,1.0000,0.8967,2.8596,0.9919,3.1105,0.9005,2.9033,0.9343,3.3258
+10 dB,speech-aug,on14,detected,360,0.0167,0.0077,0.0359,0.0528,0.0340,0.0810,0.3639,0.8967,2.8596,0.9919,3.1105,0.9005,2.9033,0.9343,3.3258
+20 dB,clean,off,oracle,360,0.0306,0.0171,0.0539,0.0972,0.0707,0.1322,1.0000,0.8999,3.0601,0.9971,3.8064,0.9015,3.0347,,
+20 dB,clean,off,detected,360,0.0139,0.0059,0.0321,0.0500,0.0319,0.0776,0.4333,0.8999,3.0601,0.9971,3.8064,0.9015,3.0347,,
+20 dB,clean,on,oracle,360,0.0306,0.0171,0.0539,0.1000,0.0731,0.1353,1.0000,0.8999,3.0601,0.9971,3.8064,0.9015,3.0347,,
+20 dB,clean,on,detected,360,0.0083,0.0028,0.0242,0.0278,0.0152,0.0504,0.3389,0.8999,3.0601,0.9971,3.8064,0.9015,3.0347,,
+20 dB,speech-aug,off,oracle,360,0.0917,0.0660,0.1259,0.2444,0.2029,0.2914,1.0000,0.8999,3.0601,0.9971,3.8064,0.9015,3.0347,,
+20 dB,speech-aug,off,detected,360,0.0333,0.0192,0.0574,0.0806,0.0567,0.1133,0.4333,0.8999,3.0601,0.9971,3.8064,0.9015,3.0347,,
+20 dB,speech-aug,on,oracle,360,0.0417,0.0254,0.0676,0.1389,0.1070,0.1784,1.0000,0.8999,3.0601,0.9971,3.8064,0.9015,3.0347,,
+20 dB,speech-aug,on,detected,360,0.0000,0.0000,0.0106,0.0333,0.0192,0.0574,0.3389,0.8999,3.0601,0.9971,3.8064,0.9015,3.0347,,
